{"cameraMode":{"drawMode":0,"name":"Shaded","section":"Shading Mode"},"sceneLighting":false,"audioPlay":false,"sceneViewState":{"showFog":false,"showMaterialUpdate":false,"showSkybox":false,"showFlares":false,"showImageEffects":false,"showParticleSystems":false},"in2DMode":false,"pivot":{"x":202.513671875,"y":41.12858200073242,"z":240.88494873046876},"rotation":{"x":0.20859213173389436,"y":0.6841540336608887,"z":-0.21455912292003632,"w":0.6651256084442139},"size":1195.0885009765625,"orthographic":false}