{"cameraMode":{"drawMode":0,"name":"Shaded","section":"Shading Mode"},"sceneLighting":true,"audioPlay":false,"sceneViewState":{"showFog":false,"showMaterialUpdate":false,"showSkybox":false,"showFlares":false,"showImageEffects":false,"showParticleSystems":false},"in2DMode":false,"pivot":{"x":400.7124938964844,"y":-180.4487762451172,"z":212.98342895507813},"rotation":{"x":0.49584370851516726,"y":-0.18887566030025483,"z":0.11145509779453278,"w":0.84026700258255},"size":341.1302795410156,"orthographic":false}