{"cameraMode":{"drawMode":0,"name":"Shaded","section":"Shading Mode"},"sceneLighting":false,"audioPlay":false,"sceneViewState":{"showFog":false,"showMaterialUpdate":false,"showSkybox":false,"showFlares":false,"showImageEffects":false,"showParticleSystems":false},"in2DMode":false,"pivot":{"x":-0.00022715330123901367,"y":0.7215555906295776,"z":0.0462762713432312},"rotation":{"x":0.1550017148256302,"y":-0.40666463971138,"z":0.07022571563720703,"w":0.8975906372070313},"size":3.84951114654541,"orthographic":true}